Dispersal,Outdoor,Indoor Transit
High,0.56875,0.721115538
Low,0.2625,0.115537849
Moderate,0.16875,0.163346614
